Time,SG_1_1_FEA [eps],SG_1_2_FEA [eps],SG_1_3_FEA [eps],SG_2_1_FEA [eps],SG_2_2_FEA [eps],SG_2_3_FEA [eps],SG_3_1_FEA [eps],SG_3_2_FEA [eps],SG_3_3_FEA [eps]
0.125,0.00016201,0.00040554,0.000162,0.00015084,0.00043845,0.00015084,0.00018429,0.00042126,0.00018369
0.25,0.00022041,0.00055165,0.00022039,0.00020524,0.00059625,0.00020523,0.00025065,0.00057295,0.00024984
0.375,0.00013777,0.00034487,0.00013775,0.00012827,0.00037289,0.00012827,0.00015672,0.00035825,0.00015622
0.5,-3.2958e-05,-8.2538e-05,-3.2955e-05,-3.0679e-05,-8.9315e-05,-3.0679e-05,-3.7522e-05,-8.5773e-05,-3.7401e-05
0.625,-0.0001825,-0.0004572,-0.00018249,-0.00016986,-0.0004951,-0.00016985,-0.00020791,-0.00047528,-0.00020724
0.75,-0.0002153,-0.00053939,-0.00021528,-0.00020037,-0.0005842,-0.00020037,-0.00024531,-0.00056076,-0.00024451
0.875,-0.00011039,-0.0002765,-0.00011038,-0.00010275,-0.00029932,-0.00010275,-0.00012572,-0.00028739,-0.00012531
1.0,6.5192e-05,0.00016322,6.5185e-05,6.069e-05,0.00017654,6.069e-05,7.4187e-05,0.00016958,7.3947e-05
